Tamanho_N,Tempo_Execucao_s
10,2.8625000140891643e-05
10,96
100,0.00031935700008034473
100,96
1000,0.002923954999914713
1000,236
10000,0.02061062200004926
10000,236
